business_name,phone,email,website,industry,scraped_at
American Professional Builders,(747) 216-0816,N/A,https://www.thryv.com/privacy/,Bathroom Remodeling,2026-10-06T17:35:36.320070
GWG Construction Company,(213) 461-0081,N/A,https://www.thryv.com/privacy/,Auto Body Shops,2026-10-06T17:35:37.839893
American Professional Builders,(747) 216-0816,N/A,https://www.thryv.com/privacy/,Bathroom Remodeling,2026-10-06T17:35:39.383706
UDC Corporation,(657) 999-7972,N/A,https://www.thryv.com/privacy/,Auto Body Shops,2026-10-06T17:35:41.043021
Rapid Plumbing,(442) 444-1774,N/A,https://www.thryv.com/privacy/,Auto Body Shops,2026-10-06T17:35:43.185136
"AdvancedGeo, Inc.",(800) 511-9300,N/A,https://www.thryv.com/privacy/,Auto Body Shops,2026-10-06T17:35:45.975485
American Vision Windows and Bath,(888) 971-9381,N/A,https://www.thryv.com/privacy/,Auto Body Shops,2026-10-06T17:35:47.729279
Plans and Permits Express,(562) 991-9537,N/A,https://www.thryv.com/privacy/,Auto Body Shops,2026-10-06T17:35:49.543294
Martins Construction,(818) 518-6002,N/A,https://www.thryv.com/privacy/,Bathroom Remodeling,2026-10-06T17:35:54.582218
Best Contractor Los Angeles,(866) 602-2709,N/A,https://www.thryv.com/privacy/,Bathroom Remodeling,2026-10-06T17:35:56.340253
C T Roofing Inc,(323) 733-7500,N/A,https://www.thryv.com/privacy/,Auto Body Shops,2026-10-06T17:36:00.532490
Bobcat Carpet & Fabric Care,(310) 478-4438,N/A,https://www.thryv.com/privacy/,Auto Body Shops,2026-10-06T17:36:02.306336
Hye Electric & Son,(323) 231-0011,N/A,https://www.thryv.com/privacy/,Auto Body Shops,2026-10-06T17:36:03.811038
Joel & Co. Construction,(310) 728-6181,N/A,https://www.thryv.com/privacy/,Bathroom Remodeling,2026-10-06T17:36:06.019402
Prime Builders,(323) 857-1558,N/A,https://www.thryv.com/privacy/,Auto Body Shops,2026-10-06T17:36:08.283143
Promenade West Owner Assn,(213) 617-0262,N/A,https://www.thryv.com/privacy/,Auto Body Shops,2026-10-06T17:36:10.547358
Torkian Construction,(310) 478-0666,N/A,https://www.thryv.com/privacy/,Auto Body Shops,2026-10-06T17:36:13.048535
Archisys Inc.,(310) 397-8224,N/A,https://www.thryv.com/privacy/,Auto Body Shops,2026-10-06T17:36:15.078075
C&Z Design Construction Grp,(818) 795-1761,N/A,https://www.thryv.com/privacy/,Auto Body Shops,2026-10-06T17:36:18.084579
Everland Property Services,(213) 365-1757,N/A,https://www.thryv.com/privacy/,Auto Body Shops,2026-10-06T17:36:19.961431
Contemporary Living Images,(323) 352-3012,N/A,https://www.thryv.com/privacy/,Auto Body Shops,2026-10-06T17:36:21.379488
Dtk Builders,(323) 666-1706,N/A,https://www.thryv.com/privacy/,Auto Body Shops,2026-10-06T17:36:22.710834
Avenue 35 Construction,(323) 258-9118,N/A,https://www.thryv.com/privacy/,Auto Body Shops,2026-10-06T17:36:24.572346
Scharff Construction Inc,(310) 391-4464,N/A,https://www.thryv.com/privacy/,Auto Body Shops,2026-10-06T17:36:25.963980
Simgel Co,(310) 475-7663,N/A,https://www.thryv.com/privacy/,Auto Body Shops,2026-10-06T17:36:27.972045
Richard Holz Inc,(310) 476-6272,N/A,https://www.thryv.com/privacy/,Auto Body Shops,2026-10-06T17:36:29.697698
Gw + Associates,(310) 471-4538,N/A,https://www.thryv.com/privacy/,Auto Body Shops,2026-10-06T17:36:31.169915
Baron Construction & Design,(323) 557-2299,N/A,https://www.thryv.com/privacy/,Auto Body Shops,2026-10-06T17:36:32.596987
Life Construction Co Inc,(213) 381-1331,N/A,https://www.thryv.com/privacy/,Auto Body Shops,2026-10-06T17:36:34.437553
Schaber Construction Co.,(323) 679-2312,N/A,https://www.thryv.com/privacy/,Auto Body Shops,2026-10-06T17:36:36.526915
Dexterous Construction,(323) 290-1100,N/A,https://www.thryv.com/privacy/,Auto Body Shops,2026-10-06T17:36:39.539877
American Professional Builders,(747) 208-0969,N/A,https://www.thryv.com/privacy/,Bathroom Remodeling,2026-10-06T17:36:41.642062
UDC Corporation,(657) 999-7972,N/A,https://www.thryv.com/privacy/,Auto Body Shops,2026-10-06T17:36:44.636106
GWG Construction Company,(213) 461-0081,N/A,https://www.thryv.com/privacy/,Auto Body Shops,2026-10-06T17:36:45.967849
ARREDONDO CONSTRUCTION,(323) 821-4653,N/A,https://www.thryv.com/privacy/,Auto Body Shops,2026-10-06T17:36:52.963833
Ford Ec Inc,(310) 474-7999,N/A,https://www.thryv.com/privacy/,Auto Body Shops,2026-10-06T17:36:55.030877
"Ebrulegio Construction, Inc.",(213) 621-4409,N/A,https://www.thryv.com/privacy/,Auto Body Shops,2026-10-06T17:36:57.037301
Asbesto Instant Response Inc,(323) 733-0508,N/A,https://www.thryv.com/privacy/,Auto Body Shops,2026-10-06T17:37:07.598491
Richard Davis Decorative Paint,(323) 896-6877,N/A,https://www.thryv.com/privacy/,Auto Body Shops,2026-10-06T17:37:09.078093
Steven Crane & Co Inc,(310) 477-1962,N/A,https://www.thryv.com/privacy/,Auto Body Shops,2026-10-06T17:37:10.430226
Larry Brown Construction,(310) 642-9999,N/A,https://www.thryv.com/privacy/,Auto Body Shops,2026-10-06T17:37:11.920042
Emcon,(310) 820-9690,N/A,https://www.thryv.com/privacy/,Auto Body Shops,2026-10-06T17:37:13.631614
La Builders Hardware,(213) 427-0717,N/A,https://www.thryv.com/privacy/,Auto Body Shops,2026-10-06T17:37:15.530713
Mancini Contracting,(877) 347-1345,N/A,https://www.thryv.com/privacy/,Auto Body Shops,2026-10-06T17:37:17.023168
Alpha3 Residential Builders,(323) 301-2568,N/A,https://www.thryv.com/privacy/,Bathroom Remodeling,2026-10-06T17:37:18.419619
GreenTech Builders Inc.,(323) 874-4504,N/A,https://www.thryv.com/privacy/,Auto Body Shops,2026-10-06T17:37:20.310391
"ACCURATE CONSTRUCTION & DESIGN, INC.",(310) 309-7765,N/A,https://www.thryv.com/privacy/,Auto Body Shops,2026-10-06T17:37:22.154847
Seo Service Los Angeles,(310) 906-0648,N/A,https://www.thryv.com/privacy/,Auto Body Shops,2026-10-06T17:37:24.567198
Caldion Construction,(323) 608-5530,N/A,https://www.thryv.com/privacy/,Auto Body Shops,2026-10-06T17:37:29.098841
Roc Design Inc,(310) 479-0469,N/A,https://www.thryv.com/privacy/,Auto Body Shops,2026-10-06T17:37:31.132331
Priority Remodeling,(213) 348-9439,N/A,https://www.thryv.com/privacy/,Auto Body Shops,2026-10-06T17:37:32.818593
L&R Construction Inc,(323) 674-0206,N/A,https://www.thryv.com/privacy/,Auto Body Shops,2026-10-06T17:37:37.182330
MEL'S BUILDERS & DESIGN,(323) 579-3134,N/A,https://www.thryv.com/privacy/,Auto Body Shops,2026-10-06T17:37:39.335092
Timeless Builds - Swimming Pool Contractor In Los Angeles,(424) 512-2977,N/A,https://www.thryv.com/privacy/,Auto Body Shops,2026-10-06T17:37:45.655528
Ted Street Construction Services,(866) 457-6267,N/A,https://www.thryv.com/privacy/,Auto Body Shops,2026-10-06T17:37:47.874884
Hami Construction Inc,(213) 327-0757,N/A,https://www.thryv.com/privacy/,Bathroom Remodeling,2026-10-06T17:37:49.890340
Los Angeles Elite Garage Conversion Adu,(323) 917-8965,N/A,https://www.thryv.com/privacy/,Auto Body Shops,2026-10-06T17:37:52.089710
Sam's Construction Company,(323) 924-8661,N/A,https://www.thryv.com/privacy/,Auto Body Shops,2026-10-06T17:37:53.722093
Art General Contractors Inc,(323) 266-4792,N/A,https://www.thryv.com/privacy/,Auto Body Shops,2026-10-06T17:37:55.730863
Dynamic Builders,(213) 746-6630,N/A,https://www.thryv.com/privacy/,Auto Body Shops,2026-10-06T17:37:57.706915
Max Repair Service,(213) 607-3241,N/A,https://www.thryv.com/privacy/,Auto Body Shops,2026-10-06T17:37:59.335723
Concrete Contractor,(213) 607-3241,N/A,https://www.thryv.com/privacy/,Auto Body Shops,2026-10-06T17:38:01.460829
A.B.E. Anthony Construction,(323) 817-8844,N/A,https://www.thryv.com/privacy/,Auto Body Shops,2026-10-06T17:38:03.370692
"Unix Construction, Inc",(323) 685-5337,N/A,https://www.thryv.com/privacy/,Auto Body Shops,2026-10-06T17:38:04.915665
