job_title,company,location,salary,posted_time,is_new,job_url,scraped_at
Senior Policy Specialist,New,"Washington, DC, USA",Not Listed,2 hours ago,True,,2026-10-07T18:21:12.339570
Chief Operating Officer,New,"Washington, DC, USA",Not Listed,3 hours ago,True,,2026-10-07T18:21:12.339782
Communications & Marketing Associate,New,"Washington, DC, USA",Not Listed,4 hours ago,True,,2026-10-07T18:21:12.339967
Deputy Political Research Director,"Arlington, VA, USA","Arlington, VA, USA",Not Listed,"Oct 6, 2026",False,,2026-10-07T18:21:12.340238
Vice President of Government Affairs,"Washington, DC, USA","Washington, DC, USA",Not Listed,"Oct 6, 2026",False,,2026-10-07T18:21:12.340449
Manager of Government Affairs,"Alexandria, VA, USA","Alexandria, VA, USA",Not Listed,"Oct 6, 2026",False,,2026-10-07T18:21:12.340679
"Vice President, National Security & Government Affairs","Washington, DC, USA","Washington, DC, USA",Not Listed,"Oct 6, 2026",False,,2026-10-07T18:21:12.340882
"Manager, Government Affairs","Washington, DC, USA","Washington, DC, USA",Not Listed,"Oct 5, 2026",False,,2026-10-07T18:21:12.341083
"Vice President, National Security & Government Affairs","Washington, DC, USA","Washington, DC, USA",Not Listed,"Oct 6, 2026",False,,2026-10-07T18:21:12.341295
Paid DC Internship,New,"Washington, DC, USA",Not Listed,16 minutes ago,True,,2026-10-07T18:21:12.341469
Digital Media Specialist,New,"Washington, DC, USA",Not Listed,a day ago,True,,2026-10-07T18:21:12.341637
Staff Assistant,New,"Washington, DC, USA",Not Listed,a day ago,True,,2026-10-07T18:21:12.341808
"Director, Public Policy - Emerging Technology & Strategic Policy",New,"Washington, District of Columbia, United States",Not Listed,5 hours ago,True,,2026-10-07T18:21:12.341977
Lobbyist (2-year Term position),New,"Washington, DC",Not Listed,5 hours ago,True,,2026-10-07T18:21:12.342147
Head of Federal Government Affairs,New,"Washington, DC",Not Listed,5 hours ago,True,,2026-10-07T18:21:12.342325
"Managing Director, Government Relations - Legislative Branch",New,"Washington, DC",Not Listed,5 hours ago,True,,2026-10-07T18:21:12.342494
Manager: Government Relations,New,Washington,Not Listed,5 hours ago,True,,2026-10-07T18:21:12.342668
"Senior Managing Director, Global Policy and Public Affairs",New,"Washington, District of Columbia, United States",Not Listed,5 hours ago,True,,2026-10-07T18:21:12.342841
Legislative Director,New,"Washington, District of Columbia, United States",Not Listed,5 hours ago,True,,2026-10-07T18:21:12.343011
Federal Legislative Manager,New,"Washington, District of Columbia, United States",Not Listed,5 hours ago,True,,2026-10-07T18:21:12.343183
"Director, Federal Government Affairs","Washington, DC","Washington, DC",Not Listed,"Sep 14, 2026",False,,2026-10-07T18:21:15.005571
"Senior Vice President, State Government Affairs","Arlington, VA","Arlington, VA",Not Listed,"Sep 14, 2026",False,,2026-10-07T18:21:15.006063
PAC Associate,"Washington, DC","Washington, DC",Not Listed,"Sep 14, 2026",False,,2026-10-07T18:21:15.006289
"Senior Editor, Politics","Washington, DC","Washington, DC",Not Listed,"Sep 14, 2026",False,,2026-10-07T18:21:15.006497
START Reporter,"Arlington, Virginia, United States",N/A,Not Listed,"Sep 14, 2026",False,,2026-10-07T18:21:15.006866
Counterintelligence / Information Operations Intelligence (CI/IOI) Analyst Sr Principal,Washington,Washington,Not Listed,"Sep 14, 2026",False,,2026-10-07T18:21:15.007076
GEOINT Policy Officer,"Springfield, Virginia, United States",N/A,Not Listed,"Sep 14, 2026",False,,2026-10-07T18:21:15.007326
Public Relations Manager,"District of Columbia, United States",N/A,Not Listed,"Sep 14, 2026",False,,2026-10-07T18:21:15.007562
"Senior Manager, Regulatory Affairs - International Advocacy","McLean, VA","Lean, VA",Not Listed,"Sep 14, 2026",False,,2026-10-07T18:21:15.007797
AARP Community Outreach and Advocacy Intern,"Washington, United States","Washington, United States",Not Listed,"Sep 14, 2026",False,,2026-10-07T18:21:15.007999
Global Privacy Initiatives Externship,"McLean, VA","Lean, VA",Not Listed,"Sep 14, 2026",False,,2026-10-07T18:21:15.008248
Senior Director of Digital Communications,"Washington, District of Columbia, United States","Washington, District of Columbia, United States",Not Listed,"Sep 14, 2026",False,,2026-10-07T18:21:15.008450
"Sr. Director, Federal Advocacy– Strategy and Engagement","Washington, District of Columbia, United States","Washington, District of Columbia, United States",Not Listed,"Sep 14, 2026",False,,2026-10-07T18:21:15.008655
External Affairs Specialist (Director of Protocol),"Washington, District of Columbia, United States","Washington, District of Columbia, United States",Not Listed,"Sep 14, 2026",False,,2026-10-07T18:21:15.008856
Artificial Intelligence (AI) Subject Matter Expert,Fairfax,N/A,Not Listed,"Sep 14, 2026",False,,2026-10-07T18:21:15.009095
Intelligence Operations Specialist,"Washington, District of Columbia, United States","Washington, District of Columbia, United States",Not Listed,"Sep 14, 2026",False,,2026-10-07T18:21:15.009305
Counterintelligence / Information Operations Intelligence (CI/IOI) Analyst Sr Principal,Washington,Washington,Not Listed,"Sep 14, 2026",False,,2026-10-07T18:21:15.009509
Head of Digital Policy Communications,Washington DC-Baltimore Area,Washington DC-Baltimore Area,Not Listed,"Sep 14, 2026",False,,2026-10-07T18:21:15.009708
Head of Policy Communications & Executive Writing,Washington DC-Baltimore Area,Washington DC-Baltimore Area,Not Listed,"Sep 14, 2026",False,,2026-10-07T18:21:15.009907
"Media Writer, Politics","Washington, DC","Washington, DC",Not Listed,"Sep 14, 2026",False,,2026-10-07T18:21:15.010106
