headline,author,date_time,summary,content,article_link,timestamp
N/A,N/A,2026-08-05T04:00:00-07:00,N/A,N/A,,2026-08-05T11:32:19.464102
N/A,N/A,2026-08-04T14:07:26-07:00,N/A,N/A,,2026-08-05T11:32:19.464291
N/A,N/A,2026-08-04T13:05:26-07:00,N/A,N/A,,2026-08-05T11:32:19.464462
N/A,N/A,2026-08-04T12:48:40-07:00,N/A,N/A,,2026-08-05T11:32:19.464697
N/A,N/A,2026-08-04T12:34:34-07:00,N/A,N/A,,2026-08-05T11:32:19.464923
N/A,N/A,2026-08-04T12:28:49-07:00,N/A,N/A,,2026-08-05T11:32:19.465097
N/A,N/A,2026-08-04T08:50:06-07:00,N/A,N/A,,2026-08-05T11:32:19.465267
N/A,N/A,2026-08-04T08:42:35-07:00,N/A,N/A,,2026-08-05T11:32:19.465432
N/A,N/A,2026-08-04T08:20:06-07:00,N/A,N/A,,2026-08-05T11:32:19.465617
N/A,N/A,2026-08-04T07:03:01-07:00,N/A,N/A,,2026-08-05T11:32:19.465806
N/A,N/A,2026-08-04T06:00:00-07:00,N/A,N/A,,2026-08-05T11:32:19.465978
N/A,N/A,2026-08-04T05:00:00-07:00,N/A,N/A,,2026-08-05T11:32:19.466143
N/A,N/A,2026-08-03T16:19:50-07:00,N/A,N/A,,2026-08-05T11:32:19.466314
N/A,N/A,2026-08-03T13:00:00-07:00,N/A,N/A,,2026-08-05T11:32:19.466481
N/A,N/A,2026-08-03T12:28:57-07:00,N/A,N/A,,2026-08-05T11:32:19.466646
N/A,N/A,2026-08-03T12:09:56-07:00,N/A,N/A,,2026-08-05T11:32:19.466868
N/A,N/A,2026-08-03T11:43:43-07:00,N/A,N/A,,2026-08-05T11:32:19.467041
N/A,N/A,2026-08-03T09:40:55-07:00,N/A,N/A,,2026-08-05T11:32:19.467224
N/A,N/A,2026-08-03T03:00:00-07:00,N/A,N/A,,2026-08-05T11:32:19.467391
N/A,N/A,2026-08-02T13:54:22-07:00,N/A,N/A,,2026-08-05T11:32:19.467558
N/A,N/A,2026-08-01T13:26:04-07:00,N/A,N/A,,2026-08-05T11:32:19.467770
N/A,N/A,2026-08-01T12:45:45-07:00,N/A,N/A,,2026-08-05T11:32:19.467940
N/A,N/A,2026-08-01T10:07:34-07:00,N/A,N/A,,2026-08-05T11:32:19.468106
N/A,N/A,2026-08-01T08:58:17-07:00,N/A,N/A,,2026-08-05T11:32:19.468280
N/A,N/A,2026-07-31T15:47:26-07:00,N/A,N/A,,2026-08-05T11:32:19.468458
N/A,N/A,2026-07-31T14:07:45-07:00,N/A,N/A,,2026-08-05T11:32:19.468624
N/A,N/A,2026-07-31T12:47:28-07:00,N/A,N/A,,2026-08-05T11:32:19.468843
N/A,N/A,2026-07-31T10:26:32-07:00,N/A,N/A,,2026-08-05T11:32:19.469026
N/A,N/A,2026-07-31T09:49:08-07:00,N/A,N/A,,2026-08-05T11:32:19.469191
N/A,N/A,2026-07-31T09:08:18-07:00,N/A,N/A,,2026-08-05T11:32:19.469359
N/A,N/A,N/A,Bending Spoons to buy Airtable for $1.28B,N/A,,2026-08-05T11:32:19.469502
N/A,N/A,N/A,N/A,N/A,,2026-08-05T11:32:19.469642
N/A,N/A,N/A,N/A,N/A,,2026-08-05T11:32:19.469802
N/A,N/A,N/A,N/A,N/A,,2026-08-05T11:32:19.469939
N/A,N/A,N/A,N/A,N/A,,2026-08-05T11:32:19.470078
N/A,N/A,N/A,N/A,N/A,,2026-08-05T11:32:19.470214
N/A,N/A,N/A,N/A,N/A,,2026-08-05T11:32:19.470349
N/A,N/A,2026-07-31T08:16:17-07:00,N/A,N/A,,2026-08-05T11:32:25.313249
N/A,N/A,2026-07-31T07:47:11-07:00,N/A,N/A,,2026-08-05T11:32:25.313439
N/A,N/A,2026-07-31T07:00:00-07:00,N/A,N/A,,2026-08-05T11:32:25.313670
N/A,N/A,2026-07-30T18:06:54-07:00,N/A,N/A,,2026-08-05T11:32:25.313861
N/A,N/A,2026-07-30T16:25:58-07:00,N/A,N/A,,2026-08-05T11:32:25.314030
N/A,N/A,2026-07-30T16:08:58-07:00,N/A,N/A,,2026-08-05T11:32:25.314205
N/A,N/A,2026-07-30T15:41:41-07:00,N/A,N/A,,2026-08-05T11:32:25.314375
N/A,N/A,2026-07-30T13:26:38-07:00,N/A,N/A,,2026-08-05T11:32:25.314558
N/A,N/A,2026-07-30T12:44:16-07:00,N/A,N/A,,2026-08-05T11:32:25.314748
N/A,N/A,2026-07-30T11:57:58-07:00,N/A,N/A,,2026-08-05T11:32:25.314927
N/A,N/A,2026-07-30T11:05:21-07:00,N/A,N/A,,2026-08-05T11:32:25.315094
N/A,N/A,2026-07-30T09:09:42-07:00,N/A,N/A,,2026-08-05T11:32:25.315263
N/A,N/A,2026-07-30T08:41:16-07:00,N/A,N/A,,2026-08-05T11:32:25.315432
N/A,N/A,2026-07-30T08:19:15-07:00,N/A,N/A,,2026-08-05T11:32:25.315597
N/A,N/A,2026-07-30T08:00:00-07:00,N/A,N/A,,2026-08-05T11:32:25.315783
N/A,N/A,2026-07-30T07:48:32-07:00,N/A,N/A,,2026-08-05T11:32:25.315955
N/A,N/A,2026-07-30T07:00:00-07:00,N/A,N/A,,2026-08-05T11:32:25.316120
N/A,N/A,2026-07-30T06:00:00-07:00,N/A,N/A,,2026-08-05T11:32:25.316284
N/A,N/A,2026-07-29T17:21:06-07:00,N/A,N/A,,2026-08-05T11:32:25.316449
N/A,N/A,2026-07-29T16:00:11-07:00,N/A,N/A,,2026-08-05T11:32:25.316611
N/A,N/A,2026-07-29T15:46:03-07:00,N/A,N/A,,2026-08-05T11:32:25.316810
N/A,N/A,2026-07-29T15:23:12-07:00,N/A,N/A,,2026-08-05T11:32:25.316976
N/A,N/A,2026-07-29T14:16:39-07:00,N/A,N/A,,2026-08-05T11:32:25.317141
N/A,N/A,2026-07-29T14:07:48-07:00,N/A,N/A,,2026-08-05T11:32:25.317319
N/A,N/A,2026-07-29T12:44:49-07:00,N/A,N/A,,2026-08-05T11:32:25.317483
N/A,N/A,2026-07-29T11:45:27-07:00,N/A,N/A,,2026-08-05T11:32:25.317646
N/A,N/A,2026-07-29T08:35:09-07:00,N/A,N/A,,2026-08-05T11:32:25.317828
N/A,N/A,2026-07-29T07:41:06-07:00,N/A,N/A,,2026-08-05T11:32:25.317998
N/A,N/A,2026-07-29T04:00:00-07:00,N/A,N/A,,2026-08-05T11:32:25.318160
N/A,N/A,2026-07-28T17:09:05-07:00,N/A,N/A,,2026-08-05T11:32:25.318336
N/A,N/A,N/A,Bending Spoons to buy Airtable for $1.28B,N/A,,2026-08-05T11:32:25.318475
N/A,N/A,N/A,N/A,N/A,,2026-08-05T11:32:25.318611
N/A,N/A,N/A,N/A,N/A,,2026-08-05T11:32:25.318771
N/A,N/A,N/A,N/A,N/A,,2026-08-05T11:32:25.318911
N/A,N/A,N/A,N/A,N/A,,2026-08-05T11:32:25.319047
N/A,N/A,N/A,N/A,N/A,,2026-08-05T11:32:25.319179
N/A,N/A,N/A,N/A,N/A,,2026-08-05T11:32:25.319311
N/A,N/A,2026-07-28T13:45:12-07:00,N/A,N/A,,2026-08-05T11:32:28.909292
N/A,N/A,2026-07-28T13:17:08-07:00,N/A,N/A,,2026-08-05T11:32:28.909476
N/A,N/A,2026-07-28T08:42:26-07:00,N/A,N/A,,2026-08-05T11:32:28.909646
N/A,N/A,2026-07-28T07:00:00-07:00,N/A,N/A,,2026-08-05T11:32:28.909842
N/A,N/A,2026-07-28T06:19:17-07:00,N/A,N/A,,2026-08-05T11:32:28.910011
N/A,N/A,2026-07-27T21:30:00-07:00,N/A,N/A,,2026-08-05T11:32:28.910179
N/A,N/A,2026-07-27T17:13:33-07:00,N/A,N/A,,2026-08-05T11:32:28.910350
N/A,N/A,2026-07-27T14:17:11-07:00,N/A,N/A,,2026-08-05T11:32:28.910521
N/A,N/A,2026-07-27T13:19:42-07:00,N/A,N/A,,2026-08-05T11:32:28.910687
N/A,N/A,2026-07-27T11:32:11-07:00,N/A,N/A,,2026-08-05T11:32:28.910872
N/A,N/A,2026-07-27T10:28:42-07:00,N/A,N/A,,2026-08-05T11:32:28.911034
N/A,N/A,2026-07-27T09:45:24-07:00,N/A,N/A,,2026-08-05T11:32:28.911220
N/A,N/A,2026-07-27T08:57:12-07:00,N/A,N/A,,2026-08-05T11:32:28.911387
N/A,N/A,2026-07-27T08:30:00-07:00,N/A,N/A,,2026-08-05T11:32:28.911554
N/A,N/A,2026-07-27T08:01:50-07:00,N/A,N/A,,2026-08-05T11:32:28.911739
N/A,N/A,2026-07-27T06:00:00-07:00,N/A,N/A,,2026-08-05T11:32:28.911913
N/A,N/A,2026-07-26T17:19:14-07:00,N/A,N/A,,2026-08-05T11:32:28.912080
N/A,N/A,2026-07-26T12:40:57-07:00,N/A,N/A,,2026-08-05T11:32:28.912243
N/A,N/A,2026-07-26T09:33:13-07:00,N/A,N/A,,2026-08-05T11:32:28.912424
N/A,N/A,2026-07-25T18:30:00-07:00,N/A,N/A,,2026-08-05T11:32:28.912700
N/A,N/A,2026-07-25T09:00:00-07:00,N/A,N/A,,2026-08-05T11:32:28.912894
N/A,N/A,2026-07-25T06:05:00-07:00,N/A,N/A,,2026-08-05T11:32:28.913065
N/A,N/A,2026-07-24T17:23:11-07:00,N/A,N/A,,2026-08-05T11:32:28.913231
N/A,N/A,2026-07-24T15:25:58-07:00,N/A,N/A,,2026-08-05T11:32:28.913396
N/A,N/A,2026-07-24T11:07:32-07:00,N/A,N/A,,2026-08-05T11:32:28.913562
N/A,N/A,2026-07-24T10:00:00-07:00,N/A,N/A,,2026-08-05T11:32:28.913741
N/A,N/A,2026-07-24T08:51:49-07:00,N/A,N/A,,2026-08-05T11:32:28.913907
N/A,N/A,2026-07-24T08:13:57-07:00,N/A,N/A,,2026-08-05T11:32:28.914072
N/A,N/A,2026-07-24T08:09:55-07:00,N/A,N/A,,2026-08-05T11:32:28.914249
N/A,N/A,2026-07-24T07:00:00-07:00,N/A,N/A,,2026-08-05T11:32:28.914474
N/A,N/A,N/A,Bending Spoons to buy Airtable for $1.28B,N/A,,2026-08-05T11:32:28.914612
N/A,N/A,N/A,N/A,N/A,,2026-08-05T11:32:28.914770
N/A,N/A,N/A,N/A,N/A,,2026-08-05T11:32:28.914909
N/A,N/A,N/A,N/A,N/A,,2026-08-05T11:32:28.915045
N/A,N/A,N/A,N/A,N/A,,2026-08-05T11:32:28.915180
N/A,N/A,N/A,N/A,N/A,,2026-08-05T11:32:28.915325
N/A,N/A,N/A,N/A,N/A,,2026-08-05T11:32:28.915466
